{
  "energy_bounds": [
    20000000.0,
    1177408.0373049495,
    69314.48431551465,
    4080.5715467367395,
    240.22488679628626,
    14.142135623730951,
    0.8325532074018732,
    0.04901274189394899,
    0.002885399811814427,
    0.00016986464646342474,
    1e-05
  ],
  "materials": {
    "synthetic_10g": {
      "name": "synthetic_10g",
      "sigma_t": [
        0.65,
        0.6888888888888889,
        0.7277777777777777,
        0.7666666666666667,
        0.8055555555555556,
        0.8444444444444444,
        0.8833333333333333,
        0.9222222222222223,
        0.961111111111111,
        1.0
      ],
      "sigma_s0": [
        [
          0.22749999999999998,
          0.11699999999999999,
          0.045500000000000006,
          0.0,
          0.0,
          0.0,
          0.0,
          0.0,
          0.0,
          0.0
        ],
        [
          0.010333333333333333,
          0.24111111111111108,
          0.124,
          0.04822222222222223,
          0.0,
          0.0,
          0.0,
          0.0,
          0.0,
          0.0
        ],
        [
          0.0,
          0.010916666666666667,
          0.2547222222222222,
          0.13099999999999998,
          0.050944444444444445,
          0.0,
          0.0,
          0.0,
          0.0,
          0.0
        ],
        [
          0.0,
          0.0,
          0.0115,
          0.2683333333333333,
          0.138,
          0.053666666666666675,
          0.0,
          0.0,
          0.0,
          0.0
        ],
        [
          0.0,
          0.0,
          0.0,
          0.012083333333333333,
          0.28194444444444444,
          0.145,
          0.0563888888888889,
          0.0,
          0.0,
          0.0
        ],
        [
          0.0,
          0.0,
          0.0,
          0.0,
          0.012666666666666666,
          0.2955555555555555,
          0.152,
          0.059111111111111114,
          0.0,
          0.0
        ],
        [
          0.0,
          0.0,
          0.0,
          0.0,
          0.0,
          0.01325,
          0.30916666666666665,
          0.159,
          0.06183333333333334,
          0.0
        ],
        [
          0.0,
          0.0,
          0.0,
          0.0,
          0.0,
          0.0,
          0.013833333333333333,
          0.3227777777777778,
          0.166,
          0.06455555555555556
        ],
        [
          0.0,
          0.0,
          0.0,
          0.0,
          0.0,
          0.0,
          0.0,
          0.014416666666666664,
          0.33638888888888885,
          0.173
        ],
        [
          0.0,
          0.0,
          0.0,
          0.0,
          0.0,
          0.0,
          0.0,
          0.0,
          0.015,
          0.35
        ]
      ],
      "sigma_s1": [
        [
          0.027299999999999998,
          0.0,
          0.0,
          0.0,
          0.0,
          0.0,
          0.0,
          0.0,
          0.0,
          0.0
        ],
        [
          0.0,
          0.02893333333333333,
          0.0,
          0.0,
          0.0,
          0.0,
          0.0,
          0.0,
          0.0,
          0.0
        ],
        [
          0.0,
          0.0,
          0.030566666666666662,
          0.0,
          0.0,
          0.0,
          0.0,
          0.0,
          0.0,
          0.0
        ],
        [
          0.0,
          0.0,
          0.0,
          0.0322,
          0.0,
          0.0,
          0.0,
          0.0,
          0.0,
          0.0
        ],
        [
          0.0,
          0.0,
          0.0,
          0.0,
          0.03383333333333333,
          0.0,
          0.0,
          0.0,
          0.0,
          0.0
        ],
        [
          0.0,
          0.0,
          0.0,
          0.0,
          0.0,
          0.03546666666666666,
          0.0,
          0.0,
          0.0,
          0.0
        ],
        [
          0.0,
          0.0,
          0.0,
          0.0,
          0.0,
          0.0,
          0.037099999999999994,
          0.0,
          0.0,
          0.0
        ],
        [
          0.0,
          0.0,
          0.0,
          0.0,
          0.0,
          0.0,
          0.0,
          0.038733333333333335,
          0.0,
          0.0
        ],
        [
          0.0,
          0.0,
          0.0,
          0.0,
          0.0,
          0.0,
          0.0,
          0.0,
          0.04036666666666666,
          0.0
        ],
        [
          0.0,
          0.0,
          0.0,
          0.0,
          0.0,
          0.0,
          0.0,
          0.0,
          0.0,
          0.041999999999999996
        ]
      ],
      "reactions": {
        "absorption": [
          0.26000000000000006,
          0.26522222222222225,
          0.2801944444444444,
          0.2951666666666667,
          0.3101388888888889,
          0.32511111111111113,
          0.3400833333333334,
          0.35505555555555557,
          0.4373055555555555,
          0.635
        ],
        "damage": [
          0.02,
          0.01809674836071919,
          0.016374615061559638,
          0.014816364413634358,
          0.013406400920712786,
          0.012130613194252668,
          0.010976232721880528,
          0.009931706075828191,
          0.008986579282344432,
          0.008131393194811983
        ]
      },
      "heating": [
        6.5,
        4.9449093240903075,
        3.792869816564158,
        2.939417958443595,
        2.3071652714732127,
        1.838780960890579,
        1.4917933293295194,
        1.2347385695178914,
        1.0443077197364752,
        0.9032330764384987
      ],
      "metadata": {
        "synthetic": true
      }
    }
  },
  "metadata": {
    "description": "Synthetic 10-group downscatter-dominant library"
  }
}